{"m0": {"lr": 0.006429460909637357, "depth": 4}, "m0_bi": 997, "rest": {"lr": 0.004669135987523142, "depth": 6}, "rest_bi": 999}