{"m0": [1.3877787807814457e-15, 0.9999999999999991, 0.0], "rest": [0.08524152745887717, 0.9105291326239446, 0.004229339917178091]}