{"m0": {"lr": 0.014554015387607758, "nl": 127, "alpha": 1.1047342745542916}, "m0_bi": 1056, "rest": {"lr": 0.00916833378586112, "nl": 188, "alpha": 1.0091608645010177}, "rest_bi": 706}