{"m0": {"alpha": 1.3045982461479964, "lr": 0.0010134902329429804, "md": 9}, "m0_bi": 1999, "rest": {"alpha": 1.2737731907830432, "lr": 0.0012144060456923931, "md": 7}, "rest_bi": 1342}